maths_marks,sinhala_marks,english_marks,general_knowledge,study_hours,attendance,previous_exam_marks,result
85,82,78,80,4,95,84,Pass
72,75,70,68,3,90,74,Pass
45,52,48,50,1,70,46,Fail
90,88,92,85,5,98,91,Pass
55,60,58,54,2,78,57,Fail
78,80,75,77,4,92,79,Pass
40,45,42,44,1,65,43,Fail
88,85,90,87,5,96,89,Pass
65,68,62,64,3,85,66,Pass
50,48,52,49,1,72,50,Fail
82,79,85,81,4,94,83,Pass
58,55,60,57,2,80,59,Fail
93,90,95,91,6,99,94,Pass
47,50,45,48,1,68,47,Fail
75,73,78,76,3,89,76,Pass
62,65,60,63,2,82,62,Pass
43,40,46,45,1,67,44,Fail
86,84,88,85,5,97,87,Pass
68,70,65,67,3,86,69,Pass
52,55,50,53,2,75,52,Fail